N,Z
0,-236
1,-240
2,-240
3,-236
4,-222
5,-256
6,-304
7,-184
8,-158
9,-344
10,-306
11,-122
12,-258
13,-328
14,-142
15,-256
16,-326
17,-168
18,-220
19,-320
20,-188
21,-212
22,-308
23,-238
24,-210
25,-248
26,-228
27,-212
28,-268
29,-260
30,-234
31,-218
32,-236
33,-242
34,-248
35,-230
36,-260
37,-234
38,-226
39,-232
40,-236
41,-244
42,-244
43,-226
44,-256
45,-250
46,-248
47,-224
48,-248
49,-228
50,-218
51,-252
52,-230
53,-228
54,-256
55,-256
56,-230
57,-244
58,-254
59,-228
60,-230
61,-254
62,-238
63,-212
64,-242
65,-240
66,-228
67,-224
68,-258
69,-248
70,-242
71,-230
72,-246
73,-230
74,-242
75,-252
76,-230
77,-236
78,-260
79,-244
80,-232
81,-256
82,-252
83,-228
84,-268
85,-242
86,-134
87,-244
88,-404
89,-204
90,-46
91,-332
92,-324
93,-108
94,-298
95,-328
96,-108
97,-252
98,-358
99,-144
100,-208
101,-336
102,-190
103,-180
104,-288
105,-234
106,-238
107,-270
108,-238
109,-200
110,-230
111,-240
112,-258
113,-244
114,-238
115,-236
116,-226
117,-238
118,-268
119,-252
120,-244
121,-226
122,-242
123,-256
124,-234
125,-242
126,-248
127,-226
128,-238
129,-246
130,-248
131,-248
132,-256
133,-246
134,-220
135,-250
136,-256
137,-224
138,-238
139,-264
140,-234
141,-216
142,-254
143,-260
144,-226
145,-226
146,-256
147,-246
148,-242
149,-260
150,-252
151,-222
152,-236
153,-234
154,-218
155,-248
156,-250
157,-238
158,-224
159,-236
160,-250
161,-236
162,-256
163,-236
164,-214
165,-310
166,-304
167,-90
168,-168
169,-444
170,-242
171,-70
172,-346
173,-294
174,-108
175,-320
176,-312
177,-124
178,-260
179,-306
180,-160
181,-224
182,-314
183,-236
184,-216
185,-260
186,-212
187,-238
188,-274
189,-256
190,-228
191,-232
192,-228
193,-232
194,-248
195,-240
196,-256
197,-230
198,-212
199,-242
200,-250
201,-246
202,-248
203,-240
204,-232
205,-250
206,-230
207,-230
208,-256
209,-228
210,-218
211,-244
212,-246
213,-222
214,-252
215,-244
216,-206
217,-238
218,-242
219,-232
220,-236
221,-256
222,-224
223,-218
224,-254
225,-250
226,-212
227,-236
228,-254
229,-230
230,-214
231,-242
232,-252
233,-228
234,-222
235,-264
236,-232
237,-238
238,-240
239,-246
240,-222
241,-256
242,-240
243,-228
244,-254
245,-210
246,-162
247,-310
248,-342
249,-124
250,-162
251,-360
252,-228
253,-158
254,-320
255,-234
256,-138
257,-312
258,-254
259,-178
260,-288
261,-284
262,-174
263,-248
264,-274
265,-228
266,-256
267,-266
268,-228
269,-232
270,-248
271,-248
272,-258
273,-250
274,-232
275,-224
276,-232
277,-246
278,-242
279,-236
280,-250
281,-232
282,-240
283,-252
284,-242
285,-236
286,-250
287,-244
288,-232
289,-250
290,-250
291,-240
292,-254
293,-256
294,-240
295,-232
296,-256
297,-244
298,-228
299,-236
300,-252
301,-222
302,-238
303,-260
304,-236
305,-236
306,-256
307,-256
308,-234
309,-254
310,-254
311,-234
312,-256
313,-246
314,-236
315,-248
316,-240
317,-236
318,-248
319,-254
320,-244
321,-234
322,-250
323,-228
324,-242
325,-334
326,-218
327,-52
328,-324
329,-418
330,-90
331,-202
332,-376
333,-144
334,-212
335,-366
336,-162
337,-188
338,-344
339,-224
340,-196
341,-288
342,-256
343,-222
344,-232
345,-212
346,-228
347,-266
348,-268
349,-238
350,-220
351,-232
352,-240
353,-234
354,-264
355,-260
356,-226
357,-242
358,-232
359,-222
360,-256
361,-256
362,-232
363,-232
364,-242
365,-230
366,-244
367,-254
368,-242
369,-232
370,-248
371,-240
372,-242
373,-240
374,-252
375,-234
376,-226
377,-262
378,-240
379,-222
380,-250
381,-258
382,-232
383,-230
384,-244
385,-242
386,-228
387,-232
388,-242
389,-236
390,-248
391,-246
392,-238
393,-236
394,-254
395,-228
396,-228
397,-244
398,-242
399,-228
400,-236
401,-242
402,-240
403,-244
404,-242
405,-186
406,-232
407,-334
408,-238
409,-142
410,-244
411,-274
412,-200
413,-258
414,-264
415,-186
416,-234
417,-266
418,-224
419,-256
420,-262
421,-222
422,-240
423,-226
424,-240
425,-248
426,-256
427,-234
428,-200
429,-228
430,-244
431,-242
432,-234
433,-242
434,-240
435,-222
436,-252
437,-256
438,-254
439,-256
440,-226
441,-218
442,-252
443,-254
444,-226
445,-254
446,-250
447,-228
448,-238
449,-260
450,-228
451,-238
452,-242
453,-238
454,-234
455,-232
456,-238
457,-230
458,-234
459,-254
460,-250
461,-240
462,-266
463,-248
464,-238
465,-234
466,-230
467,-240
468,-216
469,-234
470,-240
471,-244
472,-238
473,-236
474,-232
475,-238
476,-248
477,-232
478,-224
479,-258
480,-222
481,-224
482,-250
483,-238
484,-214
485,-286
486,-302
487,-118
488,-176
489,-378
490,-270
491,-130
492,-284
493,-246
494,-192
495,-326
496,-262
497,-138
498,-272
499,-178
500,-236
501,-282
502,-242
503,-240
504,-232
505,-224
506,-240
507,-262
508,-256
509,-228
510,-230
511,-248
512,-242
513,-248
514,-256
515,-254
516,-236
517,-244
518,-236
519,-250
520,-266
521,-240
522,-224
523,-246
524,-248
525,-234
526,-244
527,-256
528,-234
529,-236
530,-256
531,-242
532,-224
533,-246
534,-258
535,-234
536,-244
537,-266
538,-232
539,-234
540,-268
541,-250
542,-234
543,-252
544,-252
545,-238
546,-236
547,-250
548,-234
549,-240
550,-252
551,-246
552,-238
553,-240
554,-240
555,-240
556,-242
557,-254
558,-244
559,-232
560,-246
561,-250
562,-244
563,-264
564,-230
565,-186
566,-282
567,-322
568,-198
569,-166
570,-272
571,-274
572,-216
573,-268
574,-228
575,-194
576,-266
577,-244
578,-218
579,-268
580,-264
581,-228
582,-224
583,-238
584,-250
585,-252
586,-252
587,-236
588,-230
589,-246
590,-248
591,-238
592,-242
593,-240
594,-240
595,-240
596,-244
597,-236
598,-254
599,-256
600,-224
601,-228
602,-254
603,-248
604,-218
605,-230
606,-248
607,-234
608,-242
609,-244
610,-234
611,-244
612,-256
613,-222
614,-252
615,-250
616,-248
617,-248
618,-248
619,-236
620,-242
621,-216
622,-240
623,-242
624,-228
625,-238
626,-250
627,-232
628,-248
629,-238
630,-228
631,-236
632,-232
633,-248
634,-226
635,-236
636,-242
637,-236
638,-244
639,-256
640,-256
641,-238
642,-228
643,-232
644,-246
645,-296
646,-250
647,-92
648,-244
649,-422
650,-196
651,-136
652,-310
653,-202
654,-192
655,-324
656,-236
657,-182
658,-288
659,-236
660,-176
661,-270
662,-284
663,-232
664,-240
665,-224
666,-214
667,-248
668,-278
669,-258
670,-216
671,-236
672,-234
673,-252
674,-256
675,-252
676,-248
677,-220
678,-240
679,-228
680,-246
681,-248
682,-228
683,-226
684,-246
685,-242
686,-236
687,-244
688,-248
689,-230
690,-232
691,-240
692,-246
693,-264
694,-238
695,-220
696,-248
697,-244
698,-230
699,-248
700,-266
701,-228
702,-218
703,-250
704,-244
705,-232
706,-248
707,-250
708,-232
709,-220
710,-250
711,-248
712,-236
713,-246
714,-238
715,-228
716,-240
717,-250
718,-236
719,-238
720,-248
721,-244
722,-238
723,-266
724,-214
725,-188
726,-308
727,-322
728,-138
729,-168
730,-348
731,-252
732,-172
733,-278
734,-256
735,-178
736,-258
737,-276
738,-202
739,-232
740,-272
741,-224
742,-218
743,-272
744,-256
745,-246
746,-256
747,-236
748,-218
749,-242
750,-252
751,-248
752,-240
753,-236
754,-234
755,-246
756,-236
757,-252
758,-250
759,-244
760,-230
761,-246
762,-250
763,-240
764,-236
765,-240
766,-242
767,-228
768,-244
769,-254
770,-250
771,-248
772,-244
773,-232
774,-236
775,-258
776,-246
777,-228
778,-244
779,-256
780,-218
781,-234
782,-274
783,-246
784,-224
785,-234
786,-246
787,-226
788,-232
789,-252
790,-232
791,-216
792,-246
793,-240
794,-242
795,-246
796,-240
797,-224
798,-238
799,-256
800,-236
801,-224
802,-226
803,-212
804,-266
805,-318
806,-188
807,-78
808,-368
809,-384
810,-74
811,-226
812,-336
813,-156
814,-236
815,-322
816,-164
817,-228
818,-300
819,-204
820,-240
821,-304
822,-232
823,-240
824,-236
825,-200
826,-234
827,-258
828,-240
829,-236
830,-224
831,-224
832,-250
833,-226
834,-256
835,-236
836,-248
837,-244
838,-236
839,-238
840,-268
841,-232
842,-226
843,-252
844,-256
845,-240
846,-240
847,-232
848,-224
849,-228
850,-244
851,-254
852,-240
853,-240
854,-266
855,-228
856,-224
857,-250
858,-246
859,-222
860,-238
861,-254
862,-226
863,-236
864,-256
865,-246
866,-226
867,-240
868,-242
869,-216
870,-238
871,-250
872,-238
873,-226
874,-244
875,-252
876,-248
877,-256
878,-258
879,-232
880,-240
881,-234
882,-248
883,-254
884,-186
885,-230
886,-352
887,-264
888,-102
889,-234
890,-334
891,-212
892,-202
893,-288
894,-226
895,-208
896,-280
897,-262
898,-204
899,-244
900,-272
901,-198
902,-242
903,-272
904,-234
905,-240
906,-246
907,-210
908,-236
909,-256
910,-252
911,-248
912,-238
913,-242
914,-238
915,-236
916,-248
917,-256
918,-250
919,-232
920,-224
921,-240
922,-250
923,-230
924,-228
925,-262
926,-238
927,-228
928,-254
929,-236
930,-218
931,-250
932,-250
933,-228
934,-240
935,-254
936,-244
937,-236
938,-254
939,-240
940,-226
941,-242
942,-254
943,-238
944,-226
945,-246
946,-250
947,-236
948,-244
949,-256
950,-242
951,-246
952,-250
953,-240
954,-240
955,-248
956,-244
957,-234
958,-236
959,-240
960,-236
961,-230
962,-230
963,-230
964,-284
965,-310
966,-110
967,-128
968,-442
969,-308
970,-54
971,-250
972,-302
973,-158
974,-280
975,-282
976,-180
977,-266
978,-258
979,-198
980,-256
981,-272
982,-226
983,-256
984,-222
985,-218
986,-248
987,-252
988,-258
989,-236
990,-196
991,-238
992,-254
993,-234
994,-254
995,-242
996,-222
997,-226
998,-216
999,-252
1000,-264
1001,-232
1002,-208
1003,-242
1004,-238
1005,-248
1006,-234
1007,-234
1008,-232
1009,-226
1010,-244
1011,-252
1012,-246
1013,-252
1014,-260
1015,-224
1016,-238
1017,-256
1018,-238
1019,-210
1020,-246
1021,-246
1022,-210
1023,-234
1024,-260
1025,-236
1026,-242
1027,-244
1028,-244
1029,-228
1030,-232
1031,-246
1032,-232
1033,-228
1034,-226
1035,-228
1036,-230
1037,-260
1038,-230
1039,-238
1040,-234
1041,-244
1042,-242
1043,-248
1044,-210
1045,-186
1046,-284
1047,-334
1048,-172
1049,-128
1050,-308
1051,-300
1052,-192
1053,-246
1054,-266
1055,-188
1056,-224
1057,-262
1058,-212
1059,-224
1060,-260
1061,-246
1062,-206
1063,-240
1064,-254
1065,-228
1066,-248
1067,-226
1068,-202
1069,-232
1070,-254
1071,-254
1072,-250
1073,-242
1074,-230
1075,-238
1076,-238
1077,-250
1078,-238
1079,-216
1080,-242
1081,-252
1082,-232
1083,-236
1084,-242
1085,-248
1086,-224
1087,-230
1088,-258
1089,-242
1090,-234
1091,-256
1092,-234
1093,-230
1094,-240
1095,-244
1096,-234
1097,-236
1098,-246
1099,-226
1100,-226
1101,-254
1102,-256
1103,-224
1104,-238
1105,-244
1106,-238
1107,-244
1108,-244
1109,-228
1110,-228
1111,-242
1112,-244
1113,-250
1114,-232
1115,-240
1116,-230
1117,-234
1118,-252
1119,-246
1120,-242
1121,-240
1122,-218
1123,-242
1124,-318
1125,-212
1126,-66
1127,-278
1128,-424
1129,-162
1130,-158
1131,-320
1132,-206
1133,-208
1134,-326
1135,-210
1136,-196
1137,-290
1138,-238
1139,-198
1140,-282
1141,-248
1142,-236
1143,-248
1144,-218
1145,-230
1146,-272
1147,-254
1148,-252
1149,-220
1150,-218
1151,-228
1152,-236
1153,-254
1154,-254
1155,-248
1156,-236
1157,-226
1158,-226
1159,-256
1160,-258
1161,-212
1162,-226
1163,-252
1164,-236
1165,-236
1166,-254
1167,-256
1168,-234
1169,-234
1170,-226
1171,-232
1172,-250
1173,-256
1174,-246
1175,-232
1176,-244
1177,-238
1178,-232
1179,-240
1180,-264
1181,-220
1182,-222
1183,-234
1184,-244
1185,-230
1186,-242
1187,-248
1188,-244
1189,-224
1190,-256
1191,-254
1192,-236
1193,-232
1194,-236
1195,-230
1196,-258
1197,-242
1198,-226
1199,-234
1200,-240
1201,-236
1202,-250
1203,-256
1204,-202
1205,-216
1206,-328
1207,-266
1208,-120
1209,-198
1210,-334
1211,-236
1212,-220
1213,-256
1214,-210
1215,-192
1216,-272
1217,-270
1218,-234
1219,-240
1220,-254
1221,-200
1222,-216
1223,-258
1224,-248
1225,-242
1226,-236
1227,-224
1228,-218
1229,-256
1230,-250
1231,-236
1232,-246
1233,-238
1234,-244
1235,-238
1236,-242
1237,-248
1238,-254
1239,-226
1240,-232
1241,-230
1242,-234
1243,-228
1244,-242
1245,-246
1246,-232
1247,-226
1248,-258
1249,-238
1250,-242
1251,-230
1252,-244
1253,-224
1254,-248
1255,-248
1256,-234
1257,-240
1258,-256
1259,-264
1260,-234
1261,-262
1262,-262
1263,-234
1264,-252
1265,-242
1266,-230
1267,-238
1268,-244
1269,-236
1270,-234
1271,-244
1272,-240
1273,-226
1274,-246
1275,-248
1276,-228
1277,-248
1278,-256
1279,-242
1280,-240
1281,-236
1282,-228
1283,-290
1284,-318
1285,-148
1286,-116
1287,-378
1288,-340
1289,-122
1290,-242
1291,-288
1292,-182
1293,-260
1294,-294
1295,-192
1296,-244
1297,-276
1298,-194
1299,-232
1300,-282
1301,-250
1302,-240
1303,-224
1304,-214
1305,-240
1306,-266
1307,-264
1308,-234
1309,-218
1310,-232
1311,-234
1312,-246
1313,-260
1314,-238
1315,-234
1316,-240
1317,-226
1318,-238
1319,-268
1320,-250
1321,-222
1322,-244
1323,-248
1324,-226
1325,-232
1326,-242
1327,-230
1328,-248
1329,-244
1330,-242
1331,-238
1332,-254
1333,-256
1334,-242
1335,-232
1336,-252
1337,-240
1338,-228
1339,-258
1340,-260
1341,-228
1342,-236
1343,-232
1344,-240
1345,-240
1346,-236
1347,-232
1348,-226
1349,-238
1350,-240
1351,-248
1352,-246
1353,-232
1354,-228
1355,-228
1356,-242
1357,-244
1358,-226
1359,-240
1360,-244
1361,-232
1362,-254
1363,-244
1364,-198
1365,-254
1366,-314
1367,-206
1368,-138
1369,-268
1370,-298
1371,-214
1372,-226
1373,-270
1374,-192
1375,-236
1376,-266
1377,-244
1378,-224
1379,-246
1380,-218
1381,-202
1382,-242
1383,-254
1384,-258
1385,-236
1386,-228
1387,-222
1388,-250
1389,-262
1390,-238
1391,-244
1392,-246
1393,-236
1394,-234
1395,-234
1396,-248
1397,-244
1398,-234
1399,-222
1400,-230
1401,-258
1402,-248
1403,-230
1404,-224
1405,-232
1406,-234
1407,-248
1408,-242
1409,-242
1410,-228
1411,-246
1412,-240
1413,-238
1414,-250
1415,-224
1416,-224
1417,-244
1418,-250
1419,-236
1420,-224
1421,-248
1422,-252
1423,-242
1424,-238
1425,-242
1426,-244
1427,-228
1428,-244
1429,-250
1430,-222
1431,-232
1432,-232
1433,-234
1434,-236
1435,-240
1436,-234
1437,-238
1438,-246
1439,-238
1440,-224
1441,-246
1442,-220
1443,-236
1444,-320
1445,-264
1446,-90
1447,-228
1448,-416
1449,-154
1450,-312
1451,-200
1452,-202
1453,-320
1454,-218
1455,-192
1456,-278
1457,-230
1458,-200
1459,-268
1460,-262
1461,-226
1462,-254
1463,-224
1464,-218
1465,-252
1466,-252
1467,-246
1468,-238
1469,-242
1470,-238
1471,-224
1472,-252
1473,-246
1474,-228
1475,-244
1476,-246
1477,-240
1478,-254
1479,-254
1480,-236
1481,-234
1482,-244
1483,-230
1484,-248
1485,-250
1486,-248
1487,-238
1488,-232
1489,-240
1490,-236
1491,-244
1492,-256
1493,-244
1494,-226
1495,-256
1496,-240
1497,-228
1498,-246
1499,-258
1500,-242
1501,-228
1502,-250
1503,-246
1504,-240
1505,-248
1506,-252
1507,-228
1508,-234
1509,-252
1510,-246
1511,-236
1512,-244
1513,-234
1514,-226
1515,-236
1516,-250
1517,-246
1518,-234
1519,-238
1520,-236
1521,-246
1522,-256
1523,-200
1524,-206
1525,-312
1526,-276
1527,-160
1528,-232
1529,-308
1530,-216
1531,-218
1532,-278
1533,-208
1534,-224
1535,-272
1536,-238
1537,-230
1538,-248
1539,-238
1540,-216
1541,-230
1542,-234
1543,-250
1544,-244
1545,-242
1546,-234
1547,-224
1548,-246
1549,-236
1550,-228
1551,-248
1552,-246
1553,-234
1554,-246
1555,-252
1556,-236
1557,-250
1558,-236
1559,-222
1560,-234
1561,-254
1562,-228
1563,-238
1564,-264
1565,-248
1566,-234
1567,-228
1568,-242
1569,-230
1570,-254
1571,-242
1572,-232
1573,-238
1574,-244
1575,-238
1576,-250
1577,-250
1578,-244
1579,-222
1580,-236
1581,-240
1582,-238
1583,-228
1584,-236
1585,-242
1586,-232
1587,-240
1588,-252
1589,-248
1590,-242
1591,-236
1592,-244
1593,-246
1594,-232
1595,-230
1596,-244
1597,-240
1598,-240
1599,-212
1600,-250
1601,-250
1602,-226
1603,-268
1604,-274
1605,-164
1606,-170
1607,-322
1608,-256
1609,-158
1610,-284
1611,-298
1612,-178
1613,-266
1614,-276
1615,-178
1616,-254
1617,-282
1618,-200
1619,-214
1620,-262
1621,-240
1622,-240
1623,-248
1624,-224
1625,-220
1626,-268
1627,-252
1628,-242
1629,-242
1630,-238
1631,-226
1632,-230
1633,-238
1634,-234
1635,-246
1636,-256
1637,-240
1638,-258
1639,-258
1640,-240
1641,-256
1642,-256
1643,-230
1644,-244
1645,-246
1646,-228
1647,-234
1648,-248
1649,-236
1650,-232
1651,-242
1652,-242
1653,-240
1654,-242
1655,-256
1656,-226
1657,-232
1658,-254
1659,-240
1660,-226
1661,-250
1662,-250
1663,-232
1664,-238
1665,-244
1666,-234
1667,-230
1668,-244
1669,-246
1670,-236
1671,-252
1672,-240
1673,-236
1674,-240
1675,-240
1676,-222
1677,-242
1678,-250
1679,-248
1680,-240
1681,-256
1682,-240
1683,-200
1684,-262
1685,-312
1686,-216
1687,-194
1688,-282
1689,-252
1690,-192
1691,-272
1692,-258
1693,-210
1694,-254
1695,-258
1696,-222
1697,-256
1698,-256
1699,-232
1700,-240
1701,-236
1702,-228
1703,-256
1704,-248
1705,-238
1706,-234
1707,-244
1708,-250
1709,-236
1710,-234
1711,-244
1712,-240
1713,-228
1714,-234
1715,-238
1716,-254
1717,-240
1718,-234
1719,-246
1720,-246
1721,-226
1722,-236
1723,-244
1724,-240
1725,-230
1726,-248
1727,-230
1728,-222
1729,-236
1730,-250
1731,-230
1732,-224
1733,-234
1734,-236
1735,-228
1736,-242
1737,-250
1738,-230
1739,-224
1740,-250
1741,-238
1742,-248
1743,-242
1744,-240
1745,-224
1746,-232
1747,-244
1748,-242
1749,-242
1750,-242
1751,-244
1752,-234
1753,-234
1754,-238
1755,-254
1756,-248
1757,-252
1758,-222
1759,-226
1760,-230
1761,-204
1762,-216
1763,-302
1764,-258
1765,-148
1766,-240
1767,-344
1768,-222
1769,-192
1770,-310
1771,-216
1772,-194
1773,-296
1774,-218
1775,-194
1776,-272
1777,-256
1778,-200
1779,-244
1780,-258
1781,-210
1782,-252
1783,-256
1784,-220
1785,-224
1786,-246
1787,-240
1788,-228
1789,-230
1790,-254
1791,-236
1792,-250
1793,-246
1794,-234
1795,-248
1796,-248
1797,-226
1798,-234
1799,-254
1800,-236
1801,-242
1802,-250
1803,-236
1804,-220
1805,-228
1806,-236
1807,-226
1808,-248
1809,-234
1810,-220
1811,-236
1812,-246
1813,-236
1814,-226
1815,-242
1816,-226
1817,-218
1818,-242
1819,-248
1820,-230
1821,-234
1822,-256
1823,-246
1824,-246
1825,-248
1826,-234
1827,-220
1828,-246
1829,-234
1830,-240
1831,-256
1832,-224
1833,-226
1834,-258
1835,-246
1836,-232
1837,-236
1838,-242
1839,-252
1840,-248
1841,-262
1842,-208
1843,-206
1844,-296
1845,-282
1846,-178
1847,-220
1848,-306
1849,-224
1850,-214
1851,-278
1852,-230
1853,-214
1854,-256
1855,-240
1856,-238
1857,-256
1858,-242
1859,-230
1860,-220
1861,-234
1862,-242
1863,-250
1864,-254
1865,-244
1866,-224
1867,-234
1868,-256
1869,-242
1870,-250
1871,-248
1872,-230
1873,-224
1874,-242
1875,-242
1876,-248
1877,-244
1878,-228
1879,-238
1880,-250
1881,-242
1882,-244
1883,-254
1884,-234
1885,-248
1886,-252
1887,-240
1888,-236
1889,-248
1890,-244
1891,-232
1892,-236
1893,-242
1894,-238
1895,-248
1896,-254
1897,-248
1898,-230
1899,-244
1900,-250
1901,-236
1902,-236
1903,-240
1904,-240
1905,-230
1906,-242
1907,-258
1908,-238
1909,-228
1910,-248
1911,-238
1912,-246
1913,-252
1914,-232
1915,-232
1916,-250
1917,-260
1918,-224
1919,-244
1920,-248
1921,-214
1922,-260
1923,-312
1924,-188
1925,-130
1926,-322
1927,-340
1928,-144
1929,-232
1930,-318
1931,-176
1932,-234
1933,-302
1934,-178
1935,-232
1936,-280
1937,-202
1938,-218
1939,-278
1940,-244
1941,-228
1942,-250
1943,-240
1944,-230
1945,-246
1946,-264
1947,-250
1948,-234
1949,-226
1950,-212
1951,-226
1952,-250
1953,-252
1954,-232
1955,-248
1956,-240
1957,-234
1958,-254
1959,-238
1960,-222
1961,-244
1962,-246
1963,-238
1964,-236
1965,-246
1966,-234
1967,-246
1968,-250
1969,-248
1970,-216
1971,-246
1972,-256
1973,-222
1974,-248
1975,-256
1976,-238
1977,-226
1978,-246
1979,-246
1980,-234
1981,-240
1982,-246
1983,-234
1984,-234
1985,-244
1986,-226
1987,-230
1988,-244
1989,-248
1990,-242
1991,-244
1992,-256
1993,-242
1994,-234
1995,-254
1996,-234
1997,-240
1998,-238
1999,-234
2000,-238
2001,-242
2002,-238
2003,-180
2004,-244
2005,-324
2006,-228
2007,-154
2008,-256
2009,-276
2010,-192
2011,-254
2012,-272
2013,-204
2014,-240
2015,-266
2016,-224
2017,-246
2018,-256
2019,-238
2020,-234
2021,-252
2022,-256
2023,-246
2024,-232
2025,-230
2026,-232
2027,-248
2028,-256
2029,-240
2030,-234
2031,-248
2032,-232
2033,-242
2034,-244
2035,-250
2036,-254
2037,-220
2038,-234
2039,-250
2040,-250
2041,-240
2042,-232
2043,-248
2044,-222
2045,-234
2046,-246
2047,-240
2048,-246
2049,-256
2050,-240
2051,-218
2052,-234
2053,-252
2054,-242
2055,-236
2056,-254
2057,-224
2058,-226
2059,-244
2060,-242
2061,-248
2062,-246
2063,-238
2064,-236
2065,-220
2066,-246
2067,-244
2068,-236
2069,-236
2070,-238
2071,-232
2072,-232
2073,-250
2074,-242
2075,-236
2076,-238
2077,-242
2078,-238
2079,-250
2080,-234
2081,-218
2082,-266
2083,-288
2084,-146
2085,-168
2086,-354
2087,-276
2088,-138
2089,-274
2090,-278
2091,-172
2092,-246
2093,-272
2094,-202
2095,-250
2096,-268
2097,-202
2098,-244
2099,-280
2100,-248
2101,-234
2102,-244
2103,-228
2104,-232
2105,-248
2106,-254
2107,-228
2108,-240
2109,-256
2110,-236
2111,-238
2112,-248
2113,-250
2114,-234
2115,-232
2116,-222
2117,-240
2118,-260
2119,-234
2120,-216
2121,-250
2122,-244
2123,-240
2124,-254
2125,-246
2126,-230
2127,-238
2128,-232
2129,-232
2130,-226
2131,-264
2132,-242
2133,-246
2134,-248
2135,-240
2136,-218
2137,-210
2138,-240
2139,-240
2140,-220
2141,-234
2142,-252
2143,-230
2144,-250
2145,-258
2146,-244
2147,-232
2148,-242
2149,-240
2150,-232
2151,-218
2152,-238
2153,-240
2154,-234
2155,-242
2156,-232
2157,-242
2158,-258
2159,-236
2160,-222
2161,-244
2162,-210
2163,-188
2164,-288
2165,-318
2166,-190
2167,-174
2168,-300
2169,-240
2170,-192
2171,-256
2172,-254
2173,-202
2174,-250
2175,-246
2176,-228
2177,-262
2178,-250
2179,-222
2180,-218
2181,-234
2182,-248
2183,-250
2184,-256
2185,-230
2186,-212
2187,-244
2188,-256
2189,-254
2190,-252
2191,-236
2192,-242
2193,-232
2194,-238
2195,-228
2196,-254
2197,-242
2198,-232
2199,-232
2200,-242
2201,-248
2202,-250
2203,-252
2204,-238
2205,-224
2206,-224
2207,-234
2208,-244
2209,-254
2210,-234
2211,-232
2212,-236
2213,-248
2214,-228
2215,-250
2216,-248
2217,-220
2218,-234
2219,-254
2220,-242
2221,-246
2222,-252
2223,-244
2224,-232
2225,-240
2226,-246
2227,-250
2228,-246
2229,-232
2230,-244
2231,-240
2232,-242
2233,-250
2234,-236
2235,-246
2236,-240
2237,-236
2238,-246
2239,-250
2240,-212
2241,-230
2242,-318
2243,-226
2244,-114
2245,-284
2246,-360
2247,-168
2248,-194
2249,-318
2250,-204
2251,-216
2252,-298
2253,-204
2254,-208
2255,-282
2256,-218
2257,-208
2258,-280
2259,-262
2260,-222
2261,-248
2262,-228
2263,-220
2264,-258
2265,-258
2266,-248
2267,-232
2268,-242
2269,-240
2270,-234
2271,-250
2272,-256
2273,-232
2274,-240
2275,-248
2276,-238
2277,-256
2278,-248
2279,-222
2280,-234
2281,-250
2282,-232
2283,-234
2284,-250
2285,-238
2286,-234
2287,-260
2288,-242
2289,-226
2290,-246
2291,-264
2292,-234
2293,-240
2294,-256
2295,-240
2296,-224
2297,-258
2298,-242
2299,-238
2300,-240
2301,-250
2302,-234
2303,-222
2304,-252
2305,-250
2306,-232
2307,-240
2308,-248
2309,-226
2310,-238
2311,-254
2312,-234
2313,-240
2314,-238
2315,-248
2316,-230
2317,-242
2318,-238
2319,-236
2320,-244
2321,-248
2322,-182
2323,-240
2324,-326
2325,-252
2326,-132
2327,-228
2328,-284
2329,-218
2330,-242
2331,-268
2332,-206
2333,-212
2334,-264
2335,-228
2336,-232
2337,-256
2338,-240
2339,-232
2340,-240
2341,-242
2342,-244
2343,-256
2344,-250
2345,-248
2346,-210
2347,-238
2348,-256
2349,-250
2350,-234
2351,-236
2352,-228
2353,-252
2354,-244
2355,-242
2356,-256
2357,-222
2358,-222
2359,-248
2360,-254
2361,-232
2362,-244
2363,-248
2364,-246
2365,-248
2366,-242
2367,-236
2368,-240
2369,-240
2370,-242
2371,-238
2372,-244
2373,-254
2374,-232
2375,-240
2376,-242
2377,-242
2378,-216
2379,-230
2380,-250
2381,-226
2382,-242
2383,-248
2384,-242
2385,-242
2386,-250
2387,-242
2388,-226
2389,-240
2390,-242
2391,-244
2392,-238
2393,-250
2394,-254
2395,-244
2396,-258
2397,-256
2398,-236
2399,-238
2400,-218
2401,-294
2402,-294
2403,-136
2404,-134
2405,-384
2406,-308
2407,-130
2408,-264
2409,-276
2410,-170
2411,-282
2412,-278
2413,-182
2414,-270
2415,-288
2416,-180
2417,-226
2418,-286
2419,-242
2420,-250
2421,-244
2422,-206
2423,-230
2424,-250
2425,-256
2426,-236
2427,-232
2428,-234
2429,-226
2430,-238
2431,-256
2432,-244
2433,-236
2434,-238
2435,-228
2436,-250
2437,-262
2438,-240
2439,-224
2440,-250
2441,-240
2442,-234
2443,-268
2444,-248
2445,-234
2446,-238
2447,-242
2448,-230
2449,-230
2450,-254
2451,-248
2452,-236
2453,-244
2454,-248
2455,-244
2456,-234
2457,-256
2458,-246
2459,-228
2460,-232
2461,-258
2462,-236
2463,-244
2464,-248
2465,-236
2466,-230
2467,-236
2468,-244
2469,-248
2470,-246
2471,-246
2472,-246
2473,-240
2474,-244
2475,-230
2476,-226
2477,-244
2478,-234
2479,-226
2480,-264
2481,-230
2482,-174
2483,-262
2484,-346
2485,-206
2486,-134
2487,-278
2488,-298
2489,-200
2490,-242
2491,-268
2492,-212
2493,-222
2494,-264
2495,-256
2496,-236
2497,-258
2498,-254
2499,-212
2500,-234
2501,-254
2502,-252
2503,-234
2504,-240
2505,-220
2506,-230
2507,-242
2508,-244
2509,-256
2510,-250
2511,-228
2512,-220
2513,-228
2514,-242
2515,-244
2516,-234
2517,-250
2518,-248
2519,-256
2520,-232
2521,-256
2522,-242
2523,-234
2524,-236
2525,-240
2526,-250
2527,-240
2528,-248
2529,-240
2530,-224
2531,-228
2532,-232
2533,-246
2534,-222
2535,-248
2536,-258
2537,-224
2538,-244
2539,-262
2540,-256
2541,-232
2542,-238
2543,-252
2544,-236
2545,-234
2546,-248
2547,-262
2548,-240
2549,-242
2550,-254
2551,-258
2552,-242
2553,-252
2554,-222
2555,-236
2556,-234
2557,-234
2558,-230
2559,-248
2560,-224
2561,-250
2562,-320
2563,-238
2564,-112
2565,-258
2566,-386
2567,-196
2568,-166
2569,-314
2570,-214
2571,-182
2572,-302
2573,-214
2574,-182
2575,-310
2576,-238
2577,-178
2578,-244
2579,-256
2580,-226
2581,-242
2582,-242
2583,-206
2584,-236
2585,-274
2586,-262
2587,-234
2588,-232
2589,-238
2590,-242
2591,-254
2592,-240
2593,-238
2594,-242
2595,-224
2596,-238
2597,-258
2598,-230
2599,-230
2600,-248
2601,-230
2602,-242
2603,-252
2604,-246
2605,-240
2606,-236
2607,-242
2608,-224
2609,-230
2610,-258
2611,-248
2612,-234
2613,-256
2614,-252
2615,-218
2616,-242
2617,-250
2618,-242
2619,-238
2620,-252
2621,-240
2622,-222
2623,-244
2624,-248
2625,-224
2626,-220
2627,-250
2628,-242
2629,-244
2630,-256
2631,-240
2632,-230
2633,-238
2634,-244
2635,-234
2636,-240
2637,-252
2638,-234
2639,-248
2640,-248
2641,-206
2642,-222
2643,-308
2644,-254
2645,-162
2646,-256
2647,-298
2648,-198
2649,-230
2650,-280
2651,-212
2652,-250
2653,-268
2654,-210
2655,-218
2656,-270
2657,-252
2658,-230
2659,-236
2660,-244
2661,-234
2662,-254
2663,-248
2664,-232
2665,-224
2666,-240
2667,-238
2668,-234
2669,-242
2670,-250
2671,-242
2672,-238
2673,-238
2674,-236
2675,-264
2676,-256
2677,-234
2678,-242
2679,-242
2680,-222
2681,-232
2682,-256
2683,-242
2684,-240
2685,-238
2686,-232
2687,-234
2688,-258
2689,-228
2690,-220
2691,-240
2692,-248
2693,-222
2694,-224
2695,-254
2696,-240
2697,-230
2698,-246
2699,-240
2700,-236
2701,-230
2702,-232
2703,-222
2704,-232
2705,-240
2706,-244
2707,-240
2708,-246
2709,-230
2710,-232
2711,-244
2712,-230
2713,-234
2714,-218
2715,-250
2716,-242
2717,-244
2718,-254
2719,-236
2720,-222
2721,-282
2722,-320
2723,-162
2724,-128
2725,-348
2726,-324
2727,-114
2728,-248
2729,-290
2730,-152
2731,-268
2732,-310
2733,-178
2734,-234
2735,-290
2736,-196
2737,-218
2738,-268
2739,-236
2740,-212
2741,-256
2742,-220
2743,-226
2744,-276
2745,-262
2746,-244
2747,-232
2748,-228
2749,-222
2750,-236
2751,-250
2752,-236
2753,-246
2754,-240
2755,-234
2756,-242
2757,-250
2758,-220
2759,-240
2760,-250
2761,-228
2762,-226
2763,-238
2764,-240
2765,-250
2766,-240
2767,-256
2768,-230
2769,-220
2770,-240
2771,-232
2772,-236
2773,-236
2774,-244
2775,-222
2776,-228
2777,-264
2778,-256
2779,-238
2780,-240
2781,-242
2782,-228
2783,-250
2784,-240
2785,-234
2786,-252
2787,-248
2788,-232
2789,-250
2790,-248
2791,-238
2792,-232
2793,-242
2794,-232
2795,-240
2796,-252
2797,-252
2798,-242
2799,-256
2800,-224
2801,-192
2802,-262
2803,-326
2804,-210
2805,-178
2806,-294
2807,-258
2808,-196
2809,-286
2810,-256
2811,-214
2812,-268
2813,-258
2814,-224
2815,-256
2816,-256
2817,-228
2818,-230
2819,-242
2820,-240
2821,-252
2822,-262
2823,-240
2824,-220
2825,-234
2826,-250
2827,-246
2828,-258
2829,-256
2830,-230
2831,-232
2832,-242
2833,-234
2834,-246
2835,-248
2836,-236
2837,-240
2838,-248
2839,-236
2840,-236
2841,-256
2842,-242
2843,-226
2844,-232
2845,-238
2846,-242
2847,-234
2848,-252
2849,-238
2850,-234
2851,-240
2852,-254
2853,-236
2854,-252
2855,-248
2856,-232
2857,-224
2858,-242
2859,-238
2860,-228
2861,-246
2862,-242
2863,-228
2864,-234
2865,-262
2866,-236
2867,-238
2868,-246
2869,-234
2870,-248
2871,-250
2872,-246
2873,-226
2874,-232
2875,-244
2876,-250
2877,-250
2878,-248
2879,-214
2880,-242
2881,-306
2882,-246
2883,-118
2884,-236
2885,-376
2886,-212
2887,-166
2888,-312
2889,-218
2890,-186
2891,-304
2892,-214
2893,-164
2894,-304
2895,-266
2896,-180
2897,-248
2898,-270
2899,-236
2900,-256
2901,-254
2902,-216
2903,-218
2904,-238
2905,-252
2906,-228
2907,-236
2908,-258
2909,-232
2910,-242
2911,-250
2912,-248
2913,-248
2914,-246
2915,-226
2916,-230
2917,-256
2918,-220
2919,-230
2920,-250
2921,-232
2922,-228
2923,-242
2924,-244
2925,-242
2926,-238
2927,-246
2928,-214
2929,-248
2930,-250
2931,-256
2932,-236
2933,-236
2934,-256
2935,-226
2936,-252
2937,-260
2938,-236
2939,-242
2940,-248
2941,-238
2942,-220
2943,-258
2944,-242
2945,-240
2946,-240
2947,-252
2948,-234
2949,-240
2950,-244
2951,-240
2952,-242
2953,-236
2954,-248
2955,-222
2956,-224
2957,-238
2958,-246
2959,-246
2960,-256
2961,-212
2962,-222
2963,-308
2964,-256
2965,-160
2966,-228
2967,-290
2968,-214
2969,-228
2970,-272
2971,-228
2972,-240
2973,-280
2974,-228
2975,-216
2976,-256
2977,-238
2978,-242
2979,-236
2980,-242
2981,-254
2982,-244
2983,-242
2984,-238
2985,-242
2986,-244
2987,-240
2988,-238
2989,-246
2990,-240
2991,-242
2992,-240
2993,-244
2994,-254
2995,-232
2996,-228
2997,-244
2998,-250
2999,-232
3000,-240
3001,-242
3002,-240
3003,-242
3004,-254
3005,-240
3006,-244
3007,-246
3008,-250
3009,-232
3010,-234
3011,-250
3012,-242
3013,-238
3014,-252
3015,-244
3016,-224
3017,-242
3018,-248
3019,-238
3020,-244
3021,-252
3022,-242
3023,-232
3024,-246
3025,-248
3026,-234
3027,-244
3028,-246
3029,-236
3030,-234
3031,-242
3032,-244
3033,-238
3034,-252
3035,-242
3036,-242
3037,-240
3038,-242
3039,-226
3040,-264
3041,-298
3042,-178
3043,-166
3044,-326
3045,-298
3046,-150
3047,-254
3048,-306
3049,-182
3050,-230
3051,-288
3052,-192
3053,-228
3054,-300
3055,-208
3056,-208
3057,-266
3058,-254
3059,-238
3060,-258
3061,-238
3062,-218
3063,-256
3064,-250
3065,-236
3066,-230
3067,-232
3068,-248
3069,-234
3070,-252
3071,-244
3072,-238
3073,-246
3074,-238
3075,-222
3076,-256
3077,-248
3078,-228
3079,-246
3080,-244
3081,-228
3082,-242
3083,-240
3084,-230
3085,-238
3086,-246
3087,-246
3088,-218
3089,-234
3090,-256
3091,-230
3092,-252
3093,-256
3094,-246
3095,-218
3096,-240
3097,-256
3098,-228
3099,-234
3100,-242
3101,-232
3102,-232
3103,-248
3104,-242
3105,-246
3106,-258
3107,-250
3108,-228
3109,-238
3110,-250
3111,-232
3112,-244
3113,-242
3114,-232
3115,-226
3116,-246
3117,-252
3118,-238
3119,-250
3120,-232
3121,-176
3122,-238
3123,-320
3124,-232
3125,-140
3126,-268
3127,-282
3128,-210
3129,-270
3130,-266
3131,-192
3132,-238
3133,-262
3134,-224
3135,-238
3136,-256
3137,-234
3138,-240
3139,-244
3140,-244
3141,-256
3142,-260
3143,-252
3144,-216
3145,-246
3146,-250
3147,-236
3148,-246
3149,-246
3150,-248
3151,-238
3152,-236
3153,-246
3154,-252
3155,-248
3156,-224
3157,-210
3158,-240
3159,-240
3160,-232
3161,-238
3162,-234
3163,-240
3164,-238
3165,-256
3166,-230
3167,-234
3168,-232
3169,-226
3170,-256
3171,-244
3172,-228
3173,-240
3174,-258
3175,-244
3176,-234
3177,-250
3178,-240
3179,-230
3180,-242
3181,-252
3182,-242
3183,-246
3184,-252
3185,-242
3186,-232
3187,-238
3188,-252
3189,-242
3190,-240
3191,-244
3192,-234
3193,-236
3194,-242
3195,-244
3196,-246
3197,-250
3198,-240
3199,-222
3200,-308
3201,-280
3202,-104
3203,-190
3204,-390
3205,-250
3206,-154
3207,-310
3208,-236
3209,-168
3210,-300
3211,-256
3212,-190
3213,-268
3214,-266
3215,-184
3216,-242
3217,-266
3218,-242
3219,-244
3220,-252
3221,-218
3222,-234
3223,-260
3224,-262
3225,-242
3226,-232
3227,-248
3228,-236
3229,-240
3230,-256
3231,-244
3232,-230
3233,-254
3234,-244
3235,-252
3236,-262
3237,-234
3238,-224
3239,-246
3240,-250
3241,-226
3242,-246
3243,-238
3244,-222
3245,-240
3246,-254
3247,-238
3248,-224
3249,-256
3250,-246
3251,-212
3252,-246
3253,-248
3254,-216
3255,-234
3256,-262
3257,-224
3258,-234
3259,-260
3260,-252
3261,-218
3262,-232
3263,-254
3264,-232
3265,-238
3266,-250
3267,-240
3268,-220
3269,-238
3270,-256
3271,-230
3272,-236
3273,-252
3274,-220
3275,-230
3276,-258
3277,-242
3278,-238
3279,-256
3280,-198
3281,-206
3282,-302
3283,-310
3284,-172
3285,-222
3286,-282
3287,-210
3288,-198
3289,-290
3290,-234
3291,-212
3292,-268
3293,-224
3294,-222
3295,-258
3296,-250
3297,-216
3298,-228
3299,-248
3300,-248
3301,-244
3302,-248
3303,-228
3304,-220
3305,-238
3306,-252
3307,-244
3308,-254
3309,-258
3310,-232
3311,-224
3312,-228
3313,-238
3314,-254
3315,-240
3316,-222
3317,-238
3318,-252
3319,-242
3320,-244
3321,-256
3322,-244
3323,-232
3324,-244
3325,-224
3326,-240
3327,-242
3328,-242
3329,-232
3330,-240
3331,-236
3332,-230
3333,-228
3334,-236
3335,-246
3336,-214
3337,-228
3338,-254
3339,-222
3340,-228
3341,-244
3342,-248
3343,-234
3344,-244
3345,-250
3346,-242
3347,-234
3348,-238
3349,-228
3350,-232
3351,-248
3352,-242
3353,-236
3354,-248
3355,-256
3356,-252
3357,-244
3358,-250
3359,-224
3360,-248
3361,-210
3362,-146
3363,-310
3364,-326
3365,-160
3366,-244
3367,-314
3368,-178
3369,-216
3370,-300
3371,-192
3372,-238
3373,-300
3374,-218
3375,-208
3376,-274
3377,-244
3378,-228
3379,-258
3380,-242
3381,-222
3382,-244
3383,-260
3384,-248
3385,-222
3386,-250
3387,-238
3388,-232
3389,-252
3390,-256
3391,-240
3392,-248
3393,-232
3394,-212
3395,-244
3396,-244
3397,-232
3398,-250
3399,-248
3400,-226
3401,-242
3402,-246
3403,-242
3404,-252
3405,-244
3406,-234
3407,-224
3408,-242
3409,-248
3410,-236
3411,-240
3412,-256
3413,-240
3414,-228
3415,-252
3416,-256
3417,-236
3418,-236
3419,-248
3420,-246
3421,-242
3422,-244
3423,-242
3424,-232
3425,-244
3426,-246
3427,-228
3428,-242
3429,-252
3430,-244
3431,-232
3432,-256
3433,-242
3434,-232
3435,-242
3436,-244
3437,-238
3438,-242
3439,-244
3440,-200
3441,-250
3442,-324
3443,-242
3444,-178
3445,-254
3446,-270
3447,-202
3448,-260
3449,-274
3450,-196
3451,-244
3452,-272
3453,-222
3454,-248
3455,-274
3456,-250
3457,-230
3458,-238
3459,-234
3460,-238
3461,-248
3462,-232
3463,-220
3464,-232
3465,-234
3466,-250
3467,-226
3468,-248
3469,-236
3470,-234
3471,-228
3472,-230
3473,-252
3474,-248
3475,-218
3476,-242
3477,-246
3478,-248
3479,-234
3480,-246
3481,-244
3482,-246
3483,-236
3484,-256
3485,-252
3486,-258
3487,-260
3488,-254
3489,-234
3490,-248
3491,-252
3492,-244
3493,-240
3494,-258
3495,-232
3496,-230
3497,-250
3498,-244
3499,-244
3500,-242
3501,-234
3502,-230
3503,-226
3504,-244
3505,-238
3506,-228
3507,-238
3508,-224
3509,-218
3510,-246
3511,-244
3512,-240
3513,-238
3514,-242
3515,-224
3516,-232
3517,-222
3518,-222
3519,-210
3520,-284
3521,-290
3522,-142
3523,-180
3524,-362
3525,-244
3526,-146
3527,-290
3528,-256
3529,-152
3530,-284
3531,-264
3532,-182
3533,-266
3534,-270
3535,-186
3536,-256
3537,-258
3538,-234
3539,-232
3540,-238
3541,-202
3542,-240
3543,-264
3544,-236
3545,-242
3546,-250
3547,-248
3548,-234
3549,-240
3550,-240
3551,-258
3552,-240
3553,-226
3554,-250
3555,-256
3556,-224
3557,-242
3558,-246
3559,-240
3560,-240
3561,-254
3562,-246
3563,-240
3564,-242
3565,-244
3566,-236
3567,-242
3568,-248
3569,-240
3570,-236
3571,-254
3572,-246
3573,-230
3574,-246
3575,-256
3576,-234
3577,-236
3578,-252
3579,-252
3580,-244
3581,-246
3582,-250
3583,-240
3584,-228
3585,-226
3586,-254
3587,-246
3588,-244
3589,-246
3590,-242
3591,-256
3592,-252
3593,-238
3594,-234
3595,-232
3596,-234
3597,-238
3598,-264
3599,-228
3600,-188
3601,-276
3602,-336
3603,-190
3604,-156
3605,-306
3606,-268
3607,-190
3608,-264
3609,-266
3610,-192
3611,-226
3612,-276
3613,-232
3614,-226
3615,-256
3616,-242
3617,-220
3618,-232
3619,-258
3620,-254
3621,-238
3622,-226
3623,-222
3624,-228
3625,-244
3626,-242
3627,-244
3628,-250
3629,-238
3630,-240
3631,-236
3632,-238
3633,-260
3634,-234
3635,-230
3636,-248
3637,-256
3638,-228
3639,-236
3640,-248
3641,-236
3642,-244
3643,-236
3644,-236
3645,-248
3646,-246
3647,-240
3648,-224
3649,-240
3650,-234
3651,-252
3652,-238
3653,-242
3654,-240
3655,-218
3656,-236
3657,-256
3658,-240
3659,-226
3660,-246
3661,-240
3662,-224
3663,-238
3664,-270
3665,-240
3666,-230
3667,-232
3668,-228
3669,-242
3670,-234
3671,-234
3672,-236
3673,-238
3674,-252
3675,-248
3676,-248
3677,-234
3678,-220
3679,-208
3680,-314
3681,-270
3682,-90
3683,-208
3684,-400
3685,-212
3686,-136
3687,-294
3688,-250
3689,-196
3690,-294
3691,-234
3692,-204
3693,-246
3694,-238
3695,-240
3696,-256
3697,-264
3698,-232
3699,-234
3700,-224
3701,-228
3702,-256
3703,-268
3704,-224
3705,-224
3706,-248
3707,-234
3708,-224
3709,-256
3710,-250
3711,-240
3712,-240
3713,-242
3714,-228
3715,-256
3716,-242
3717,-232
3718,-228
3719,-234
3720,-252
3721,-246
3722,-242
3723,-236
3724,-238
3725,-220
3726,-232
3727,-226
3728,-232
3729,-240
3730,-240
3731,-232
3732,-244
3733,-234
3734,-232
3735,-256
3736,-256
3737,-230
3738,-230
3739,-244
3740,-232
3741,-238
3742,-248
3743,-242
3744,-220
3745,-240
3746,-246
3747,-242
3748,-240
3749,-228
3750,-234
3751,-262
3752,-244
3753,-256
3754,-248
3755,-250
3756,-232
3757,-240
3758,-258
3759,-206
3760,-206
3761,-320
3762,-300
3763,-162
3764,-192
3765,-330
3766,-234
3767,-212
3768,-288
3769,-240
3770,-204
3771,-260
3772,-264
3773,-216
3774,-238
3775,-252
3776,-226
3777,-226
3778,-258
3779,-240
3780,-248
3781,-244
3782,-234
3783,-240
3784,-246
3785,-242
3786,-240
3787,-242
3788,-228
3789,-220
3790,-242
3791,-244
3792,-242
3793,-256
3794,-236
3795,-232
3796,-248
3797,-244
3798,-236
3799,-244
3800,-244
3801,-240
3802,-230
3803,-232
3804,-244
3805,-244
3806,-244
3807,-244
3808,-242
3809,-246
3810,-244
3811,-244
3812,-236
3813,-238
3814,-236
3815,-226
3816,-248
3817,-242
3818,-228
3819,-238
3820,-252
3821,-242
3822,-238
3823,-244
3824,-246
3825,-236
3826,-226
3827,-244
3828,-242
3829,-242
3830,-240
3831,-240
3832,-244
3833,-250
3834,-232
3835,-234
3836,-256
3837,-230
3838,-220
3839,-266
3840,-288
3841,-180
3842,-120
3843,-338
3844,-294
3845,-132
3846,-256
3847,-276
3848,-186
3849,-264
3850,-272
3851,-200
3852,-254
3853,-260
3854,-204
3855,-254
3856,-268
3857,-206
3858,-242
3859,-242
3860,-200
3861,-234
3862,-286
3863,-248
3864,-220
3865,-238
3866,-256
3867,-242
3868,-248
3869,-242
3870,-240
3871,-232
3872,-238
3873,-220
3874,-240
3875,-262
3876,-232
3877,-236
3878,-248
3879,-240
3880,-248
3881,-238
3882,-238
3883,-242
3884,-248
3885,-246
3886,-242
3887,-232
3888,-258
3889,-234
3890,-224
3891,-246
3892,-252
3893,-230
3894,-244
3895,-240
3896,-246
3897,-216
3898,-238
3899,-250
3900,-228
3901,-244
3902,-246
3903,-236
3904,-224
3905,-244
3906,-238
3907,-238
3908,-256
3909,-222
3910,-222
3911,-246
3912,-240
3913,-244
3914,-240
3915,-240
3916,-248
3917,-240
3918,-252
3919,-224
3920,-192
3921,-244
3922,-312
3923,-210
3924,-168
3925,-266
3926,-260
3927,-220
3928,-268
3929,-252
3930,-206
3931,-232
3932,-242
3933,-250
3934,-242
3935,-236
3936,-232
3937,-224
3938,-248
3939,-256
3940,-242
3941,-228
3942,-208
3943,-234
3944,-256
3945,-244
3946,-254
3947,-244
3948,-242
3949,-232
3950,-236
3951,-248
3952,-244
3953,-238
3954,-220
3955,-236
3956,-248
3957,-238
3958,-248
3959,-244
3960,-234
3961,-232
3962,-248
3963,-240
3964,-228
3965,-242
3966,-242
3967,-234
3968,-242
3969,-252
3970,-222
3971,-236
3972,-244
3973,-250
3974,-228
3975,-234
3976,-248
3977,-248
3978,-234
3979,-250
3980,-250
3981,-240
3982,-238
3983,-256
3984,-236
3985,-234
3986,-242
3987,-238
3988,-238
3989,-244
3990,-244
3991,-232
3992,-246
3993,-248
3994,-236
3995,-236
3996,-244
3997,-218
3998,-232
3999,-308
4000,-266
4001,-108
4002,-226
4003,-382
4004,-200
4005,-168
4006,-302
4007,-220
4008,-196
4009,-310
4010,-240
4011,-200
4012,-272
4013,-226
4014,-214
4015,-262
4016,-240
4017,-214
4018,-252
4019,-232
4020,-208
4021,-250
4022,-274
4023,-240
4024,-226
4025,-238
4026,-236
4027,-242
4028,-254
4029,-248
4030,-236
4031,-248
4032,-222
4033,-224
4034,-252
4035,-240
4036,-230
4037,-230
4038,-246
4039,-234
4040,-242
4041,-240
4042,-238
4043,-236
4044,-242
4045,-226
4046,-260
4047,-256
4048,-256
4049,-228
4050,-232
4051,-254
4052,-236
4053,-210
4054,-250
4055,-256
4056,-224
4057,-232
4058,-262
4059,-244
4060,-240
4061,-244
4062,-240
4063,-236
4064,-244
4065,-236
4066,-234
4067,-240
4068,-244
4069,-234
4070,-242
4071,-256
4072,-242
4073,-228
4074,-238
4075,-250
4076,-226
4077,-242
4078,-264
4079,-214
4080,-186
4081,-324
4082,-318
4083,-158
4084,-196
4085,-328
4086,-248
4087,-196
4088,-272
4089,-226
4090,-188
4091,-254
4092,-260
4093,-230
4094,-250
4095,-260
4096,-234
4097,-214
4098,-244
4099,-250
4100,-248
4101,-236
4102,-208
4103,-234
4104,-238
4105,-256
4106,-240
4107,-242
4108,-234
4109,-226
4110,-234
4111,-252
4112,-244
4113,-254
4114,-226
4115,-226
4116,-242
4117,-252
4118,-242
4119,-252
4120,-244
4121,-238
4122,-250
4123,-242
4124,-236
4125,-248
4126,-232
4127,-232
4128,-240
4129,-258
4130,-242
4131,-236
4132,-244
4133,-238
4134,-234
4135,-244
4136,-250
4137,-244
4138,-230
4139,-232
4140,-240
4141,-238
4142,-254
4143,-242
4144,-238
4145,-230
4146,-244
4147,-242
4148,-234
4149,-248
4150,-244
4151,-240
4152,-240
4153,-252
4154,-244
4155,-240
4156,-234
4157,-202
4158,-258
4159,-322
4160,-196
4161,-88
4162,-320
4163,-384
4164,-132
4165,-196
4166,-328
4167,-194
4168,-220
4169,-304
4170,-210
4171,-198
4172,-272
4173,-228
4174,-228
4175,-262
4176,-246
4177,-230
4178,-232
4179,-214
4180,-234
4181,-254
4182,-260
4183,-240
4184,-228
4185,-234
4186,-232
4187,-244
4188,-252
4189,-240
4190,-234
4191,-250
4192,-242
4193,-242
4194,-250
4195,-242
4196,-238
4197,-228
4198,-242
4199,-234
4200,-254
4201,-242
4202,-248
4203,-232
4204,-244
4205,-238
4206,-248
4207,-246
4208,-252
4209,-232
4210,-236
4211,-244
4212,-232
4213,-240
4214,-248
4215,-240
4216,-214
4217,-230
4218,-258
4219,-232
4220,-228
4221,-248
4222,-240
4223,-232
4224,-236
4225,-252
4226,-258
4227,-228
4228,-230
4229,-228
4230,-238
4231,-238
4232,-228
4233,-230
4234,-234
4235,-224
4236,-232
4237,-256
4238,-244
4239,-168
4240,-228
4241,-354
4242,-240
4243,-94
4244,-274
4245,-320
4246,-182
4247,-226
4248,-296
4249,-178
4250,-212
4251,-296
4252,-226
4253,-218
4254,-264
4255,-238
4256,-196
4257,-256
4258,-256
4259,-240
4260,-250
4261,-236
4262,-216
4263,-238
4264,-232
4265,-224
4266,-250
4267,-240
4268,-224
4269,-228
4270,-232
4271,-232
4272,-252
4273,-256
4274,-230
4275,-232
4276,-240
4277,-242
4278,-240
4279,-244
4280,-226
4281,-232
4282,-234
4283,-252
4284,-254
4285,-242
4286,-244
4287,-240
4568,-196
4569,-248
4570,-264
4571,-206
4572,-244
4573,-258
4574,-238
4575,-224
4576,-248
4577,-254
4578,-246
4579,-260
4580,-246
4581,-226
4582,-234
4583,-240
4584,-242
4585,-252
4586,-242
4587,-228
4588,-240
4589,-250
4590,-244
4591,-248
4592,-254
4593,-238
4594,-232
4595,-240
4596,-240
4597,-240
4598,-234
4599,-232
4600,-226
4601,-234
4602,-250
4603,-250
4604,-232
4605,-256
4606,-236
4607,-220
4608,-224
4609,-254
4610,-256
4611,-238
4612,-268
4613,-246
4614,-220
4615,-240
4616,-254
4617,-226
4618,-224
4619,-258
4620,-232
4621,-228
4622,-240
4623,-244
4624,-244
4625,-252
4626,-242
4627,-228
4628,-246
4629,-236
4630,-232
4631,-230
4632,-238
4633,-238
4634,-228
4635,-234
4636,-236
4637,-214
4638,-290
4639,-260
4640,-140
4641,-204
4642,-344
4643,-230
4644,-156
4645,-288
4646,-248
4647,-178
4648,-280
4649,-250
4650,-178
4651,-272
4652,-262
4653,-162
4654,-234
4655,-258
4656,-222
4657,-238
4658,-244
4659,-212
4660,-230
4661,-256
4662,-256
4663,-234
4664,-230
4665,-252
4666,-232
4667,-222
4668,-238
4669,-244
4670,-238
4671,-238
4672,-226
4673,-232
4674,-258
4675,-224
4676,-218
4677,-244
4678,-236
4679,-220
4680,-256
4681,-238
4682,-226
4683,-248
4684,-250
4685,-244
4686,-240
4687,-250
4688,-248
4689,-242
4690,-258
4691,-230
4692,-226
4693,-254
4694,-236
4695,-220
4696,-244
4697,-254
4698,-226
4699,-230
4700,-244
4701,-238
4702,-232
4703,-256
4704,-244
4705,-228
4706,-248
4707,-226
4708,-220
4709,-242
4710,-250
4711,-232
4712,-238
4713,-252
4714,-238
4715,-234
4716,-256
4717,-224
4718,-208
4719,-286
4720,-298
4721,-188
4722,-198
4723,-274
4724,-238
4725,-218
4726,-274
4727,-242
4728,-214
4729,-264
4730,-248
4731,-206
4732,-258
4733,-278
4734,-218
4735,-230
4736,-234
4737,-226
4738,-250
4739,-254
4740,-236
4741,-230
4742,-240
4743,-248
4744,-256
4745,-242
4746,-256
4747,-234
4748,-234
4749,-244
4750,-244
4751,-254
4752,-246
4753,-234
4754,-230
4755,-250
4756,-236
4757,-248
4758,-256
4759,-238
4760,-230
4761,-242
4762,-246
4763,-230
4764,-242
4765,-246
4766,-240
4767,-232
4768,-246
4769,-232
4770,-242
4771,-264
4772,-248
4773,-232
4774,-244
4775,-248
4776,-230
4777,-226
4778,-244
4779,-236
4780,-226
4781,-240
4782,-250
4783,-258
4784,-242
4785,-244
4786,-232
4787,-238
4788,-258
4789,-260
4790,-234
4791,-236
4792,-242
4793,-244
4794,-250
4795,-234
4796,-216
4797,-238
4798,-316
4799,-230
4800,-90
4801,-248
4802,-400
4803,-186
4804,-176
4805,-302
4806,-192
4807,-208
4808,-320
4809,-220
4810,-178
4811,-296
4812,-230
4813,-192
4814,-258
4815,-250
4816,-240
4817,-250
4818,-228
4819,-230
4820,-238
4821,-256
4822,-256
4823,-228
4824,-226
4825,-228
4826,-228
4827,-248
4828,-258
4829,-252
4830,-246
4831,-236
4832,-226
4833,-256
4834,-262
4835,-246
4836,-222
4837,-248
4838,-228
4839,-232
4840,-256
4841,-258
4842,-242
4843,-250
4844,-242
4845,-218
4846,-226
5266,-232
5267,-244
5268,-250
5269,-236
5270,-238
5271,-240
5272,-236
5273,-242
5274,-240
5275,-214
5276,-268
5277,-330
5278,-182
5279,-56
5280,-358
5281,-414
5282,-106
5283,-192
5284,-332
5285,-168
5286,-230
5287,-322
5288,-192
5289,-208
5290,-296
5291,-212
5292,-210
5293,-288
5294,-256
5295,-216
5296,-226
5297,-218
5298,-234
5299,-260
5300,-262
5301,-224
5302,-208
5303,-234
5304,-236
5305,-236
5306,-264
5307,-242
5308,-230
5309,-240
5310,-234
5311,-228
5312,-252
5313,-246
5314,-226
5315,-232
5316,-248
5317,-242
5318,-240
5319,-254
5320,-250
5321,-226
5322,-242
5323,-250
5324,-228
5325,-240
5326,-252
5327,-238
5328,-218
5329,-252
5330,-244
5331,-222
5332,-240
5333,-256
5334,-220
5335,-224
5336,-256
5337,-232
5338,-222
5339,-250
5340,-234
5341,-210
5342,-248
5343,-250
5344,-238
5345,-230
5346,-242
5347,-218
5348,-220
5349,-248
5350,-242
5351,-220
5352,-228
5353,-232
5354,-248
5355,-256
5356,-228
5357,-202
5358,-228
5359,-326
5360,-250
5361,-162
5362,-256
5363,-288
5364,-232
5365,-250
5366,-252
5367,-208
5368,-234
5369,-252
5370,-208
5371,-238
5372,-260
5373,-242
5374,-212
5375,-230
5376,-242
5377,-232
5378,-266
5379,-256
5380,-222
5381,-218
5382,-230
5383,-242
5384,-234
5385,-226
5386,-222
5387,-228
5388,-242
5389,-246
5390,-256
5391,-256
5392,-246
5393,-228
5394,-234
5395,-236
5396,-228
5397,-258
5398,-242
5399,-226
5400,-218
5401,-244
5402,-252
5403,-246
5404,-248
5405,-228
5406,-214
5407,-254
5408,-256
5409,-242
5410,-232
5411,-242
5412,-256
5413,-228
5414,-250
5415,-262
5416,-242
5417,-244
5418,-248
5419,-222
5420,-230
5421,-238
5422,-242
5423,-236
5424,-240
5425,-242
5426,-234
5427,-240
5428,-246
5429,-234
5430,-232
5431,-240
5432,-236
5433,-218
5434,-222
5435,-236
5436,-208
5437,-300
5438,-272
5439,-120
5440,-184
5441,-400
5442,-254
5443,-146
5444,-296
5445,-234
5446,-168
5447,-318
5448,-266
5449,-184
5450,-282
5451,-280
5452,-242
5453,-242
5454,-272
5455,-246
5456,-242
5457,-212
5458,-246
5459,-276
5460,-256
5461,-234
5462,-226
5463,-238
5464,-230
5465,-240
5466,-256
5467,-248
5468,-238
5469,-244
5470,-228
5471,-242
5472,-256
5473,-232
5474,-226
5475,-258
5476,-240
5477,-224
5478,-248
5479,-248
5480,-226
5481,-246
5482,-256
5483,-232
5484,-232
5485,-258
5486,-256
5487,-234
5488,-236
5489,-238
5490,-224
5491,-230
5492,-264
5493,-250
5494,-220
5495,-230
5496,-242
5497,-228
5498,-242
5499,-258
5500,-234
5501,-226
5502,-240
5503,-234
5504,-230
5505,-240
5506,-240
5507,-232
5508,-238
5509,-248
5510,-232
5511,-230
5512,-236
5513,-238
5514,-236
5515,-256
5516,-222
5517,-190
5518,-302
5519,-326
5520,-168
5521,-154
5522,-308
5523,-284
5524,-194
5525,-260
5526,-262
5527,-196
5528,-244
5529,-270
5530,-234
5531,-240
5532,-256
5533,-236
5534,-208
5535,-246
5536,-258
5537,-242
5538,-236
5539,-244
5540,-218
5541,-236
5542,-252
5543,-254
5544,-228
6801,-222
6802,-192
6803,-288
6804,-224
6805,-178
6806,-278
6807,-262
6808,-200
6809,-254
6810,-268
6811,-206
6812,-224
6813,-260
6814,-232
6815,-246
6816,-250
6817,-216
6818,-230
6819,-252
6820,-244
6821,-242
6822,-242
6823,-226
6824,-228
6825,-246
6826,-234
6827,-248
6828,-250
6829,-228
6830,-224
6831,-242
6832,-250
6833,-230
6834,-242
6835,-242
6836,-242
6837,-234
6838,-248
6839,-250
6840,-234
6841,-236
6842,-234
6843,-226
6844,-236
6845,-250
6846,-236
6847,-226
6848,-260
6849,-250
6850,-230
6851,-238
6852,-256
6853,-244
6854,-228
6855,-242
6856,-242
6857,-232
6858,-232
6859,-256
6860,-240
6861,-228
6862,-234
6863,-228
6864,-236
6865,-244
6866,-242
6867,-216
6868,-228
6869,-240
6870,-232
6871,-230
6872,-248
6873,-216
6874,-276
6875,-314
6876,-126
6877,-94
6878,-406
6879,-350
6880,-64
6881,-222
6882,-348
6883,-168
6884,-228
6885,-320
6886,-196
6887,-184
6888,-292
6889,-242
6890,-180
6891,-250
6892,-274
6893,-212
6894,-206
6895,-216
6896,-244
6897,-264
6898,-272
6899,-224
6900,-202
6901,-240
6902,-238
6903,-232
6904,-248
6905,-234
6906,-240
6907,-240
6908,-234
6909,-236
6910,-250
6911,-226
6912,-222
6913,-234
6914,-240
6915,-238
6916,-238
6917,-238
6918,-224
6919,-220
6920,-236
6921,-254
6922,-232
6923,-250
6924,-238
6925,-218
6926,-232
6927,-250
6928,-224
6929,-208
6930,-256
6931,-246
6932,-224
6933,-218
6934,-268
6935,-242
6936,-222
6937,-256
6938,-240
6939,-230
6940,-230
6941,-258
6942,-234
6943,-222
6944,-248
6945,-248
6946,-238
6947,-244
6948,-248
6949,-228
6950,-242
6951,-222
6952,-226
6953,-256
6954,-226
6955,-190
6956,-252
6957,-360
6958,-202
6959,-100
6960,-318
6961,-316
6962,-152
6963,-234
6964,-304
6965,-190
6966,-228
6967,-328
6968,-232
6969,-192
6970,-288
6971,-186
6972,-268
6973,-272
6974,-230
6975,-256
6976,-224
6977,-214
6978,-250
6979,-264
6980,-240
6981,-246
6982,-246
6983,-228
6984,-238
6985,-256
6986,-250
6987,-256
6988,-244
6989,-226
6990,-242
6991,-254
6992,-238
6993,-232
6994,-244
6995,-226
6996,-226
6997,-242
6998,-256
6999,-248
7000,-240
7001,-244
7002,-246
7003,-230
7004,-232
7005,-256
7006,-238
7007,-238
7008,-254
7009,-240
7010,-212
7011,-246
7012,-266
7013,-222
7014,-240
7015,-248
7016,-238
7017,-224
7018,-246
7019,-254
7020,-220
7021,-238
7022,-246
7023,-234
7024,-232
7025,-248
7026,-246
7027,-232
7028,-246
7029,-250
7030,-238
7031,-234
7032,-228
7033,-242
7034,-320
7035,-266
7036,-58
7037,-212
7038,-466
7039,-222
7040,-76
7041,-330
7042,-296
7043,-148
7044,-286
7045,-296
7046,-168
7047,-240
7048,-306
7049,-212
7050,-218
7051,-298
7052,-234
7053,-202
7054,-220
7055,-238
7056,-222
7057,-260
7058,-260
7059,-224
7060,-222
7061,-252
7062,-232
7063,-248
7064,-258
7065,-234
7066,-238
7067,-220
7068,-226
7069,-256
7070,-256
7071,-232
7072,-240
7073,-232
7074,-240
7075,-242
7076,-240
7077,-224
7078,-228
7079,-228
7080,-250
7638,-244
7639,-244
7640,-248
7641,-244
7642,-232
7643,-242
7644,-244
7645,-234
7646,-234
7647,-240
7648,-236
7649,-226
7650,-246
7651,-242
7652,-252
7653,-256
7654,-248
7655,-236
7656,-228
7657,-246
7658,-254
7659,-234
7660,-232
7661,-244
7662,-236
7663,-248
7664,-254
7665,-242
7666,-252
7667,-240
7668,-228
7669,-236
7670,-258
7671,-218
7672,-216
7673,-290
7674,-296
7675,-118
7676,-162
7677,-358
7678,-288
7679,-164
7680,-274
7681,-232
7682,-164
7683,-290
7684,-266
7685,-178
7686,-252
7687,-270
7688,-188
7689,-228
7690,-266
7691,-236
7692,-254
7693,-234
7694,-210
7695,-238
7696,-262
7697,-256
7698,-244
7699,-238
7700,-236
7701,-228
7702,-256
7703,-256
7704,-226
7705,-230
7706,-244
7707,-230
7708,-238
7709,-260
7710,-236
7711,-242
7712,-246
7713,-238
7714,-212
7715,-240
7716,-238
7717,-228
7718,-242
7719,-256
7720,-236
7721,-240
7722,-256
7723,-248
7724,-222
7725,-242
7726,-226
7727,-224
7728,-250
7729,-240
7730,-218
7731,-244
7732,-250
7733,-232
7734,-232
7735,-242
7736,-228
7737,-240
7738,-250
7739,-240
7740,-236
7741,-242
7742,-232
7743,-226
7744,-238
7745,-258
7746,-246
7747,-228
7748,-248
7749,-230
7750,-226
7751,-256
7752,-214
7753,-192
7754,-272
7755,-332
7756,-204
7757,-142
7758,-280
7759,-282
7760,-198
7761,-258
7762,-264
7763,-198
7764,-216
7765,-260
7766,-236
7767,-220
7768,-270
7769,-230
7770,-200
7771,-234
7772,-248
7773,-242
7774,-242
7775,-240
7776,-220
8197,-232
8198,-236
8199,-236
8200,-234
8201,-256
8202,-250
8203,-226
8204,-232
8205,-248
8206,-226
8207,-230
8208,-250
8209,-242
8210,-198
8211,-236
8212,-260
8213,-238
8214,-234
8215,-264
8216,-236
8217,-196
8218,-250
8219,-258
8220,-228
8221,-232
8222,-240
8223,-228
8224,-242
8225,-252
8226,-250
8227,-246
8228,-234
8229,-230
8230,-240
8231,-244
8232,-194
8233,-186
8234,-300
8235,-322
8236,-144
8237,-158
8238,-328
8239,-260
8240,-164
8241,-260
8242,-264
8243,-172
8244,-256
8245,-286
8246,-210
8247,-220
8248,-280
8249,-218
8250,-188
8251,-272
8252,-240
8253,-236
8254,-238
8255,-208
8256,-210
8257,-240
8258,-244
8259,-240
8260,-254
8261,-236
8262,-224
8263,-242
8264,-226
8265,-228
8266,-252
8267,-248
8268,-218
8269,-228
8270,-232
8271,-250
8272,-232
8273,-246
8274,-234
8275,-242
8276,-240
8277,-246
8278,-232
8279,-234
8280,-232
8281,-242
8282,-222
8283,-246
8284,-256
8285,-244
8286,-244
8287,-256
8288,-224
8289,-224
8290,-250
8291,-230
8292,-246
8293,-252
8294,-236
8295,-232
8296,-252
8297,-240
8298,-226
8299,-240
8300,-238
8301,-226
8302,-248
8303,-244
8304,-246
8305,-236
8306,-242
8307,-236
8308,-238
8309,-242
8310,-226
8311,-266
8312,-320
8313,-196
8314,-66
8315,-290
8316,-430
8317,-134
8318,-128
8319,-358
8320,-230
8321,-162
8322,-318
8323,-264
8324,-148
8325,-244
8326,-298
8327,-198
8328,-224
8329,-312
8330,-236
8331,-196
8332,-238
8333,-240
8334,-232
8335,-280
8336,-250
8477,-328
8478,-64
8479,-234
8480,-348
8481,-210
8482,-326
8483,-194
8484,-156
8485,-304
8486,-240
8487,-186
8488,-274
8489,-288
8490,-192
8491,-226
8492,-256
8493,-210
8494,-260
8495,-276
8496,-226
8497,-220
8498,-234
8499,-222
8500,-252
8501,-256
8502,-232
8503,-248
8504,-234
8505,-216
8506,-256
8507,-256
8508,-238
8509,-250
8510,-252
8511,-242
8512,-246
8513,-244
8514,-234
8515,-244
8516,-246
8517,-232
8518,-236
8519,-238
8520,-244
8521,-264
8522,-228
8523,-228
8524,-248
8525,-234
8526,-224
8527,-262
8528,-254
8529,-216
8530,-226
8531,-262
8532,-232
8533,-220
8534,-264
8535,-248
8536,-210
8537,-256
8538,-260
8539,-228
8540,-232
8541,-242
8542,-234
8543,-228
8544,-242
8545,-264
8546,-242
8547,-234
8548,-240
8549,-250
8550,-250
8551,-218
8552,-186
8553,-286
8554,-344
8555,-192
8556,-130
8557,-330
8558,-300
8559,-154
8560,-250
8561,-292
8562,-174
8563,-216
8564,-292
8565,-212
8566,-202
8567,-276
8568,-240
8569,-198
8570,-254
8571,-258
8572,-238
8573,-268
8574,-242
8575,-214
8576,-246
8577,-242
8578,-234
8579,-256
8580,-238
8581,-220
8582,-248
8583,-234
8584,-234
8585,-260
8586,-246
8587,-214
8588,-236
8589,-254
8590,-230
8591,-262
8592,-266
8593,-244
8594,-232
8595,-242
8596,-230
8597,-240
8598,-232
8599,-236
8600,-240
8601,-218
8602,-248
8603,-256
8604,-242
8605,-240
8606,-236
8607,-232
8608,-212
8609,-252
8610,-244
8611,-210
8612,-224
8613,-258
8614,-234
8615,-224
8616,-262
8617,-246
8618,-214
8619,-254
8620,-230
8621,-218
8622,-224
8623,-252
8624,-224
8625,-232
8626,-234
8627,-248
8628,-254
8629,-220
8630,-220
8631,-244
8632,-306
8633,-246
8634,-62
8635,-224
8636,-454
8637,-198
8638,-72
8639,-332
8640,-302
8641,-128
8642,-272
8643,-306
8644,-156
8645,-206
8646,-306
8647,-216
8648,-196
8649,-300
8650,-262
8651,-194
8652,-240
8653,-230
8654,-226
8655,-260
8656,-258
8657,-216
8658,-242
8659,-224
8660,-224
8661,-258
8662,-244
8663,-250
8664,-254
8665,-220
8666,-244
8667,-242
8668,-232
8669,-242
8670,-238
8671,-246
8672,-240
8673,-244
8674,-234
8675,-234
8676,-232
8677,-230
8678,-250
8679,-252
8680,-250
8681,-256
8682,-220
8683,-234
8684,-248
8685,-230
8686,-242
8687,-274
8688,-242
8689,-204
8690,-246
8691,-258
8692,-218
8693,-246
8694,-256
8695,-234
8696,-224
8697,-252
8698,-260
8699,-232
8700,-224
8701,-246
8702,-242
8703,-226
8704,-254
8705,-252
8706,-240
8707,-240
8708,-248
8709,-244
8710,-250
8711,-198
8712,-206
8713,-320
8714,-290
8715,-122
8716,-194
8717,-350
8718,-218
8719,-174
8720,-296
8721,-242
8722,-184
8723,-276
8724,-278
8725,-188
8726,-244
8727,-276
8728,-200
8729,-218
8730,-270
8731,-228
8732,-244
8733,-254
8734,-226
8735,-228
8736,-262
8737,-238
8738,-248
8739,-240
8740,-218
8741,-228
8742,-246
8743,-226
8744,-248
8745,-254
8746,-234
8747,-238
8748,-244
8749,-236
8750,-228
8751,-250
8752,-232
8753,-226
8754,-240
8755,-246
8756,-232
8757,-240
8758,-238
8759,-242
8760,-236
8761,-246
8762,-254
8763,-250
8764,-230
8765,-240
8766,-242
8767,-214
8768,-240
8769,-258
8770,-248
8771,-220
8772,-246
8773,-240
8774,-220
8775,-244
8776,-254
8777,-234
8778,-226
8779,-230
8780,-264
8781,-240
8782,-232
8783,-240
8784,-238
8785,-242
8786,-248
8787,-230
8788,-236
8789,-242
8790,-218
8791,-284
8792,-312
8793,-134
8794,-104
8795,-368
8796,-378
8797,-88
8798,-188
8799,-348
8800,-184
8801,-192
8802,-332
8803,-230
8804,-158
8805,-300
8806,-258
8807,-164
8808,-262
8809,-298
8810,-228
8811,-222
8812,-238
8813,-232
8814,-260
8815,-274
8816,-246
8817,-224
8818,-236
8819,-216
8820,-244
8821,-260
8822,-236
8823,-242
8824,-236
8825,-214
8826,-244
8827,-256
8828,-238
8829,-228
8830,-256
8831,-242
8832,-236
8833,-254
8834,-242
8835,-226
8836,-226
8837,-234
8838,-230
8839,-250
8840,-252
8841,-256
8842,-240
8843,-242
8844,-246
8845,-228
8846,-226
8847,-250
8848,-260
8849,-206
8850,-224
8851,-262
8852,-244
8853,-224
8854,-252
8855,-250
8856,-212
8857,-254
8858,-240
8859,-228
8860,-246
8861,-238
8862,-228
8863,-248
8864,-252
8865,-242
8866,-222
8867,-232
8868,-238
8869,-252
8870,-226
8871,-190
8872,-266
8873,-348
8874,-212
8875,-114
8876,-284
8877,-310
8878,-166
8879,-228
8880,-298
8881,-188
8882,-216
8883,-304
8884,-228
8885,-192
8886,-282
8887,-252
8888,-184
8889,-246
8890,-268
8891,-242
8892,-250
8893,-240
8894,-196
8895,-228
8896,-240
10903,-248
10904,-226
10905,-252
10906,-226
10907,-214
10908,-244
10909,-242
10910,-236
10911,-240
10912,-238
10913,-228
10914,-238
10915,-250
10916,-218
10917,-232
10918,-240
10919,-226
10920,-230
10921,-242
10922,-242
10923,-254
10924,-264
10925,-220
10926,-262
10927,-254
10928,-234
10929,-248
10930,-236
10931,-220
10932,-244
10933,-254
10934,-240
10935,-230
10936,-242
10937,-240
10938,-242
10939,-248
10940,-250
10941,-240
10942,-232
10943,-236
10944,-234
10945,-252
10946,-250
10947,-198
10948,-200
10949,-312
10950,-272
10951,-144
10952,-246
10953,-308
10954,-200
10955,-234
10956,-296
10957,-216
10958,-196
10959,-258
10960,-258
10961,-214
10962,-246
10963,-272
10964,-220
10965,-224
10966,-256
10967,-234
10968,-258
10969,-254
10970,-202
10971,-228
10972,-246
10973,-234
10974,-256
10975,-246
10976,-216
10977,-244
10978,-242
10979,-228
10980,-258
10981,-254
10982,-224
10983,-238
10984,-244
10985,-232
10986,-256
10987,-246
10988,-226
10989,-242
10990,-232
10991,-234
10992,-250
10993,-248
10994,-228
10995,-240
10996,-244
10997,-234
10998,-246
10999,-236
11000,-236
11001,-240
11002,-234
11003,-218
11004,-242
11005,-256
11006,-226
11007,-232
11008,-254
11009,-228
11010,-216
11011,-242
11012,-244
11013,-232
11014,-236
11015,-234
11016,-242
11017,-242
11018,-234
11019,-222
11020,-234
11021,-254
11022,-230
11023,-238
11024,-250
11025,-246
11026,-214
11027,-264
11028,-284
11029,-176
11792,-244
11793,-244
11794,-238
11795,-238
11796,-222
11797,-234
11798,-236
11799,-238
11800,-210
11801,-212
11802,-226
11803,-242
11804,-256
11805,-246
11806,-252
11807,-232
11808,-220
11809,-236
11810,-256
11811,-228
11812,-232
11813,-224
11814,-230
11815,-234
11816,-250
11817,-246
11818,-242
11819,-244
11820,-226
11821,-218
11822,-222
11823,-228
11824,-224
11825,-240
11826,-284
11827,-254
11828,-144
11829,-196
11830,-354
11831,-216
11832,-162
11833,-326
11834,-204
11835,-158
11836,-310
11837,-202
11838,-218
11839,-286
11840,-190
11841,-230
11842,-276
11843,-220
11844,-248
11845,-272
11846,-194
11847,-212
11848,-240
11849,-250
11850,-236
11851,-230
11852,-242
11853,-236
11854,-216
11855,-264
11856,-236
11857,-218
11858,-248
11859,-216
11860,-206
11861,-256
11862,-250
11863,-218
11864,-260
11865,-248
11866,-224
11867,-252
11868,-240
11869,-200
11870,-262
11871,-214
11872,-246
11873,-256
11874,-236
11875,-232
11876,-258
11877,-236
11878,-212
11879,-254
11880,-254
11881,-234
11882,-240
11883,-250
11884,-228
11885,-228
11886,-238
11887,-250
11888,-242
11889,-232
11890,-222
11891,-228
11892,-236
11893,-234
11894,-238
11895,-232
11896,-240
11897,-252
11898,-240
11899,-240
11900,-244
11901,-228
11902,-234
11903,-258
11904,-252
11905,-218
11906,-220
11907,-272
11908,-260
11909,-164
11910,-256
11911,-314
11912,-164
11913,-224
11914,-300
11915,-194
11916,-248
11917,-268
11918,-180
12046,-226
12047,-246
12048,-226
12049,-228
12050,-244
12051,-242
12052,-250
12053,-236
12054,-248
12055,-234
12056,-242
12057,-244
12058,-234
12059,-232
12060,-248
12061,-224
12062,-228
12063,-260
12064,-226
12065,-192
12066,-240
12067,-300
12068,-234
12069,-164
12070,-300
12071,-260
12072,-162
12073,-304
12074,-244
12075,-180
12076,-292
12077,-226
12078,-208
12079,-290
12080,-226
12081,-208
12082,-262
12083,-226
12084,-236
12085,-268
12086,-256
12087,-222
12088,-238
12089,-240
12090,-228
12091,-236
12092,-252
12093,-246
12094,-224
12095,-244
12096,-232
12097,-226
12098,-256
12099,-256
12100,-220
12101,-248
12102,-238
12103,-212
12104,-242
12105,-246
12106,-228
12107,-236
12108,-250
12109,-228
12110,-234
12111,-250
12112,-236
12113,-232
12114,-242
12115,-242
12116,-232
12117,-246
12118,-250
12119,-230
12120,-228
12121,-242
12122,-234
12123,-244
12124,-240
12125,-238
12126,-228
12127,-234
12128,-244
12129,-230
12130,-230
12131,-234
12132,-238
12133,-238
12134,-240
12135,-252
12136,-250
12137,-244
12138,-246
12139,-238
12140,-252
12141,-248
12142,-234
12143,-212
12144,-224
12145,-276
12146,-246
12147,-168
12148,-206
12149,-348
12150,-202
12151,-132
12152,-346
12153,-228
12154,-142
12155,-336
12156,-200
12157,-186
12158,-302
12159,-192
12160,-202
12161,-294
12162,-214
12163,-202
12164,-288
12165,-212
12166,-216
12167,-240
12168,-240
12169,-218
12170,-240
12171,-258
12172,-240
12427,-238
12428,-250
12429,-224
12430,-240
12431,-252
12432,-250
12433,-248
12434,-230
12435,-246
12436,-230
12437,-242
12438,-246
12439,-230
12440,-238
12441,-236
12442,-218
12443,-228
12444,-242
12445,-234
12446,-224
12447,-228
12448,-242
12449,-232
12450,-230
12451,-248
12452,-236
12453,-238
12454,-240
12455,-240
12456,-236
12457,-242
12458,-240
12459,-228
12460,-232
12461,-232
12462,-222
12463,-236
12464,-278
12465,-276
12466,-174
12467,-162
12468,-336
12469,-286
12470,-110
12471,-284
12472,-258
12473,-144
12474,-322
12475,-248
12476,-154
12477,-288
12478,-226
12479,-178
12480,-280
12481,-234
12482,-218
12483,-256
12484,-226
12485,-194
12486,-238
12487,-254
12488,-240
12489,-228
12490,-234
12491,-234
12492,-218
12493,-258
12494,-256
12495,-224
12496,-248
12497,-234
12498,-210
12499,-256
12500,-246
12501,-234
12502,-236
12503,-238
12504,-238
12505,-246
12506,-248
12507,-228
12508,-234
12509,-252
12510,-236
12511,-224
12512,-238
12513,-242
12514,-228
12515,-230
12516,-254
12517,-252
12518,-230
12519,-242
12520,-248
12521,-228
12522,-234
12523,-238
12524,-232
12525,-232
12526,-250
12527,-232
12528,-244
12529,-244
12530,-242
12531,-228
12532,-240
12533,-260
12534,-228
12535,-220
12536,-248
12537,-236
12538,-218
12539,-240
12540,-252
12541,-226
12542,-234
12543,-238
12544,-208
12545,-208
12546,-264
12547,-260
12548,-186
12549,-186
12550,-264
12551,-218
12552,-202
12553,-298
13062,-238
13063,-240
13064,-224
13065,-230
13066,-242
13067,-250
13068,-236
13069,-246
13070,-244
13071,-232
13072,-234
13073,-242
13074,-238
13075,-222
13076,-234
13077,-254
13078,-240
13079,-226
13080,-242
13081,-242
13082,-232
13083,-236
13084,-236
13085,-226
13086,-230
13087,-242
13088,-232
13089,-240
13090,-244
13091,-242
13092,-230
13093,-256
13094,-246
13095,-246
13096,-230
13097,-236
13098,-226
13099,-226
13100,-238
13101,-250
13102,-222
13103,-258
13104,-276
13105,-208
13106,-134
13107,-292
13108,-322
13109,-128
13110,-220
13111,-282
13112,-128
13113,-266
13114,-316
13115,-180
13116,-256
13117,-250
13118,-198
13119,-262
13120,-240
13121,-206
13122,-234
13123,-236
13124,-208
13125,-220
13126,-254
13127,-242
13128,-224
13129,-228
13130,-246
13131,-218
13132,-258
13133,-256
13134,-234
13135,-230
13136,-256
13137,-226
13138,-240
13139,-262
13140,-226
13141,-228
13142,-244
13143,-228
13144,-238
13145,-250
13146,-226
13147,-234
13148,-238
13149,-228
13150,-232
13151,-244
13152,-264
13153,-218
13154,-244
13155,-242
13156,-230
13157,-232
13158,-238
13159,-256
13160,-228
13161,-224
13162,-244
13163,-254
13164,-232
13165,-236
13166,-240
13167,-232
13168,-228
13169,-244
13170,-242
13171,-232
13172,-242
13173,-244
13174,-236
13175,-236
13176,-242
13177,-234
13178,-236
13179,-252
13180,-236
13181,-216
13182,-248
13183,-232
13184,-190
13185,-254
13186,-316
13187,-250
13188,-156
13189,-258
13190,-278
13191,-176
13192,-276
13193,-260
13194,-188
13195,-262
13196,-260
13197,-232
13198,-246
13199,-224
13200,-226
13201,-236
13202,-242
13203,-234
13204,-248
13205,-222
13206,-204
13207,-250
13208,-242
13209,-224
13210,-262
13211,-246
13212,-208
13213,-246
13214,-240
13215,-218
13216,-266
13217,-240
13218,-216
13219,-258
13220,-246
13221,-232
13222,-244
13223,-244
13224,-218
13225,-234
13226,-242
13227,-224
13228,-240
13229,-250
13230,-236
13231,-224
13232,-238
13233,-232
13234,-220
13235,-224
13236,-242
13237,-242
13238,-238
13239,-232
13240,-234
13241,-252
13242,-230
13243,-240
13244,-248
13245,-222
13246,-240
13247,-244
13248,-226
13249,-242
13250,-244
13251,-230
13252,-242
13253,-256
13254,-234
13255,-222
13256,-248
13257,-244
13258,-226
13259,-242
13260,-252
13261,-228
13262,-222
13263,-288
13264,-282
13265,-170
13266,-160
13267,-352
13268,-268
13269,-126
13270,-316
13271,-238
13272,-134
13273,-314
13274,-264
13275,-160
13276,-250
13277,-250
13278,-226
13279,-242
13280,-264
13281,-242
13282,-236
13283,-252
13284,-200
13285,-212
13286,-282
13287,-232
13288,-210
13289,-252
13290,-226
13291,-202
13292,-284
13293,-254
13294,-222
13295,-248
13296,-234
13297,-226
13298,-258
13299,-210
13300,-230
13301,-256
13302,-224
13303,-230
13304,-258
13305,-246
13306,-224
13307,-228
13308,-232
13309,-226
13310,-228
13311,-232
13312,-230
13313,-224
13314,-230
13315,-244
14332,-236
14333,-228
14334,-224
14335,-272
14336,-256
14337,-222
14338,-246
14339,-224
14340,-252
14341,-242
14342,-226
14343,-250
14344,-240
14345,-224
14346,-250
14347,-242
14348,-240
14349,-234
14350,-234
14351,-242
14352,-236
14353,-234
14354,-248
14355,-244
14356,-234
14357,-224
14358,-242
14359,-242
14360,-226
14361,-250
14362,-236
14363,-222
14364,-232
14365,-242
14366,-246
14367,-234
14368,-236
14369,-236
14370,-242
14371,-248
14372,-242
14373,-224
14374,-226
14375,-234
14376,-234
14377,-248
14378,-250
14379,-224
14380,-214
14381,-284
14382,-264
14383,-162
14384,-158
14385,-338
14386,-274
14387,-128
14388,-312
14389,-256
14390,-136
14391,-304
14392,-268
14393,-188
14394,-240
14395,-250
14396,-234
14397,-242
14398,-256
14399,-246
14400,-222
14401,-240
14402,-226
14403,-210
14404,-266
14405,-266
14406,-204
14407,-246
14408,-224
14409,-202
14410,-270
14411,-246
14412,-222
14413,-256
14414,-222
14415,-212
14416,-260
14417,-240
14418,-232
14419,-250
14420,-228
14421,-228
14422,-260
14423,-228
14424,-230
14425,-248
14426,-236
14427,-226
14428,-240
14429,-244
14430,-236
14431,-228
14432,-232
14433,-242
14434,-254
14435,-226
14436,-238
14437,-242
14438,-240
14439,-222
14440,-250
14441,-240
14442,-220
14443,-234
14444,-240
14445,-228
14446,-250
14447,-252
14448,-218
14449,-234
14450,-256
14451,-230
14452,-210
14453,-234
14454,-238
14455,-230
14456,-236
14457,-248
14458,-236
